{
  "scrambleLength": {
    "type": "dropdown",
    "value": 0,
    "text": "Scramble Length",
    "items": [
      "20",
      "25",
      "30",
    ]
  },
  /*
  "cubeSize": {
    "type": "dropdown",
    "value": 1,
    "text": "Cube Size",
    "items": [
      "2",
      "3",
      "4",
      "5"
    ]
  },
  */
  "flipType": {
    "type": "dropdown",
    "value": 1,
    "text": "Flip Type",
    "items": [
      "Swift",
      "Smooth",
      "Bounce",
    ]
  },
  "cameraAngle": {
    "max": 45,
    "min": 2,
    "tick": 44,
    "text": "Camera Angle",
    "type": "slider",
    "value": 10
  },
  "colorScheme": {
    "type": "dropdown",
    "value": 1,
    "text": "Theme",
    "items": [
      "Cube",
      "Erno",
      "Dust",
      "Camo",
      "Rain",
    ]
  },
  "btnQuit" : {
 	"text" : "Quit Game?",
 	"type" : "button",
 	"value" : "Exit"
 }
}